neuron,y_true_z,y_pred_z
AINL,0.2260344,0.19168755
AINR,0.29374677,0.13594773
ASIR,0.5777145,0.2655217
ASJR,0.8248947,0.6112807
PVT,0.57518584,0.4794745
RIAR,2.9357533,1.7803489
RIH,0.47975188,0.3121127
RIMR,0.48484153,0.3528725
SMBVR,0.51075274,0.45523572
ADER,0.08028384,0.10340145
ASIL,0.3375756,0.2653636
BDUR,0.11290855,0.10108772
DVC,0.7300983,0.39610112
AVFR,-0.18263291,0.11490732
CEPVR,0.32982978,0.22566915
URYVR,0.33021834,0.5326569
ADLR,0.64577866,0.70412076
RMFL,0.630106,0.48755795
AIBR,0.3320899,0.6276577
AVAR,-0.088597,-0.15687297
AIBL,0.50455254,0.6179432
AIYR,0.36161345,0.007450938
AUAR,1.8043336,1.7104512
URXR,1.2765576,1.0882148
AFDR,0.583088,0.3944304
BAGL,0.86615527,0.8909727
ASEL,0.704319,0.58451855
RID,-0.357271,-0.27600121
RIML,0.2730796,0.37012845
AVHR,-0.0806948,0.05587247
CEPVL,0.2845613,0.24058151
ASKR,0.9602651,0.7074875
AWCR,0.823645,0.85484457
ASGR,0.9525148,0.7168428
BAGR,0.8729731,0.7555068
ASJL,0.52935326,0.62426716
URBL,0.04574002,-0.0018872172
BDUL,-0.2436012,0.058224738
IL2DL,0.64018124,0.54452187
PVQL,0.2735289,0.07380986
AWCL,0.72775865,0.8642851
RIS,0.65317696,0.66289073
RIVR,0.08129985,0.09186819
URYVL,0.60475534,0.6142858
RIFL,0.33508125,0.33003822
ASGL,0.42188364,0.6336661
IL2DR,0.71742505,0.511194
SMBDL,0.2106082,0.5238716
IL1R,0.0155141745,0.32098
IL2VR,0.52935326,0.49171403
RMDL,0.23978238,0.48878944
RMDR,0.24724552,0.4687967
RMDVL,0.5198706,0.46420497
RMDVR,0.74429244,0.45468912
SMBVL,0.44875103,0.47242293
SMDDL,0.41651016,0.20998222
SMDDR,0.27142617,0.10898034
SMDVL,0.90549684,0.6157212
SMDVR,0.6099555,0.20386176
RIVL,0.14974286,0.03752166
RICR,0.09136392,0.29286966
ALNR,0.2590988,0.10796869
CEPDR,0.30162,0.25371808
RMFR,0.26674604,0.26705274
CEPDL,0.3053064,0.27308017
ASHR,0.4428244,0.6201987
AIYL,0.13209948,0.053362787
AWBR,0.08129985,-0.31740814
SIADL,-0.760282,-0.79361403
SIBDL,-0.088597,-0.20534861
DVA,0.025589488,0.19478476
SAAVL,1.1321175,1.1127675
SIAVL,-0.357271,-0.6949529
PVPR,0.0044055595,0.1527224
URYDL,0.65601385,0.6125098
AVBR,-0.357271,-0.05815518
OLLL,1.0410551,0.90112287
AVAL,-0.122181214,-0.06590122
AVDR,-0.357271,0.06369831
AVEL,-0.27331033,0.019580126
AVER,-0.26244488,-0.05984527
SIBVL,-0.357271,-0.39370573
URYDR,0.77713037,0.61328167
AVBL,-0.17815499,-0.034198523
AVDL,-0.357271,-0.13070484
OLLR,1.182807,0.8703499
OLQVR,-0.088597,0.17589872
OLQDR,-0.110986464,0.0029467642
SIBDR,0.04574002,0.019786507
RICL,0.1697434,0.23775038
ADAR,0.19108827,0.30097145
AVKR,-0.021428466,0.061376587
SAADR,0.85176206,0.8796846
AVKL,-0.055012733,0.121966265
SAADL,1.101245,0.8344811
SAAVR,1.9971619,1.4989494
HSNL,-0.21503182,-0.16336723
HSNR,-0.19050781,-0.16058138
URAVR,0.022033466,0.21184185
URBR,0.0664073,-0.03809859
AVHL,-0.07092105,-0.017373376
AWAR,0.4063288,-0.010543123
RMGR,-0.1305773,0.25759166
RMHL,0.01473915,0.2564209
RMHR,0.28082973,0.38535386
ADAL,0.23125298,0.3554972
ADFL,0.28082973,0.3226745
URXL,0.72638077,1.0863154
AWAL,0.3602852,0.07069662
AVFL,-0.10080944,0.21498606
PVPL,0.07596587,0.13770288
PLNL,0.62786704,0.296798
FLPR,0.29274672,0.5644333
FLPL,0.16216543,0.5608777
AVJL,-0.18455197,0.041661136
PVCR,0.45994574,0.5365906
PVCL,0.11976241,0.37623486
AVJR,-0.19606659,-0.048422754
IL1L,0.11901478,0.30002388
RMEV,-0.17126592,0.20176698
URAVL,0.09315313,0.21141629
IL2L,0.27906215,0.3430042
OLQVL,-0.019261742,0.12840822
URADR,0.06944657,0.2406023
IL1DL,0.12037169,0.36649117
SMBDR,0.18797924,0.5552698
URADL,0.14056613,0.3147366
ALA,-0.1423318,0.3601303
AVL,-0.357271,-0.24080765
PVQR,0.2391853,0.15752377
ASKL,0.8685541,0.7694576
AFDL,0.1666433,0.24396354
AUAL,1.427492,1.6122569
AIML,0.17168096,0.12482521
ALML,0.26163882,0.32479885
ADLL,0.551103,0.5114485
ADFR,0.64508975,0.31437564
RIAL,2.6489732,1.8841969
SIADR,-0.760282,-0.79361403
IL2VL,0.5523824,0.57393885
SIBVR,-0.15576549,-0.37427592
OLQDL,-0.049709976,0.039426386
RIFR,0.274476,0.3123197
PVR,0.7062303,0.5063884
ALMR,0.10331299,0.21207964
SIAVR,-0.760282,-0.79361403
AWBL,0.24724552,-0.33868217
IL2R,0.15963446,0.36085045
AVM,0.8901441,0.5412168
I1L ,0.39429006,0.63127273
 I3            ,-0.760282,-0.74743557
 I5            ,-0.760282,-0.7935314
 I6            ,-0.760282,-0.7884378
 M2L           ,-0.760282,-0.8349802
 M3L           ,-0.760282,-0.7466947
 M3R           ,-0.760282,-0.7466947
 MCR           ,-0.760282,-0.8048803
 MI            ,-0.760282,-0.7188003
 NSML          ,-0.760282,-0.7489473
I5 ,0.25335175,0.40177462
I6 ,3.5576932,3.0729766
M1 ,0.32784775,0.49715903
 I2L         ,-0.760282,-0.7528924
 M3L         ,-0.760282,-0.7466947
 NSML        ,-0.760282,-0.7489473
 RIPL        ,-0.760282,-0.73446983
I1R ,0.16369444,0.4752977
M2L ,0.10937338,0.40626955
MI ,0.26274592,0.24833304
I2L ,1.5176064,0.95153284
I3 ,-0.175266,-0.15275207
I4 ,1.8226522,1.8738645
M2R ,0.37678477,0.15813059
NSML ,1.3987056,1.5228081
M3L ,-0.20614186,-0.08583459
ADFL ,1.2358819,1.4534329
IL1L ,1.2444395,1.5190248
RIPL ,0.017946143,0.21516533
RIPR ,0.1305844,0.19871286
RMED ,0.19228943,0.2597484
URAVL ,0.80434895,0.9767922
 I2R           ,-0.760282,-0.7528924
 M1            ,-0.760282,-0.8229425
 M2R           ,-0.760282,-0.8349802
 NSMR          ,-0.760282,-0.7489473
 I4            ,-0.760282,-0.79658073
 NSMR        ,-0.760282,-0.7489473
 I1R         ,-0.760282,-0.79143596
 M1          ,-0.760282,-0.8229425
 M2R         ,-0.760282,-0.8349802
 M2L         ,-0.760282,-0.8349802
 M5          ,-0.760282,-0.7853771
 I2R         ,-0.760282,-0.7528924
 I3          ,-0.760282,-0.74743557
 M3R         ,-0.760282,-0.7466947
 RIPR        ,-0.760282,-0.73446983
 I5          ,-0.760282,-0.7935314
 MCL         ,-0.760282,-0.8048803
 I1L         ,-0.760282,-0.79143596
 I4          ,-0.760282,-0.79658073
 MI          ,-0.760282,-0.7188003
 I6          ,-0.760282,-0.7884378
M5 ,-0.357271,-0.500275
MCL ,-0.357271,-0.38002893
 AWBL          ,-0.760282,-0.7636328
 ADLL          ,-0.760282,-0.7637286
 AWCR          ,-0.760282,-0.76323557
 URXL          ,-0.760282,-0.74095166
 AUAL          ,-0.760282,-0.8035047
 AIAL          ,-0.760282,-0.7497196
 AIBL          ,-0.760282,-0.6596676
 AIBR          ,-0.760282,-0.6596676
 ADAL          ,-0.760282,-0.7666229
 RIAL          ,-0.760282,-0.7917916
 RIBL          ,-0.760282,-0.76736957
 RIGL          ,-0.760282,-0.80815834
 RIR           ,-0.760282,-0.7778485
 RIVL          ,-0.760282,-0.7493702
 SMBDL         ,-0.760282,-0.7611576
 SMBVL         ,-0.760282,-0.7611576
ASER ,1.4124731,1.3047539
ASHL ,1.9496195,1.8042608
SDQR ,1.2061337,1.284386
AIAL ,0.9995328,1.1119188
ADAL ,0.8654235,1.039599
RIGL ,1.9852306,1.7696713
RMGL ,0.4308394,0.5936704
HSNL ,0.52071726,0.14281806
 ASHL        ,-0.760282,-0.7819345
 AWCL        ,-0.760282,-0.76323557
 AFDL        ,-0.760282,-0.7659147
 AIZL        ,-0.760282,-0.8179174
 ADAL        ,-0.760282,-0.7666229
 RIAL        ,-0.760282,-0.7917916
 URBL        ,-0.760282,-0.7831621
ADLL ,1.4697123,1.3650773
ASEL ,1.7071323,1.616567
ASHR ,1.3300017,1.4797829
AFDL ,0.8978206,0.95598483
AVHR ,0.6233891,0.92956984
HSNR ,-0.03226213,0.19873476
ADFR ,1.9075373,1.4707509
ADLR ,1.4463686,1.3406492
ASIL ,0.1666433,0.22830537
ASIR ,0.18007699,0.24899578
AWCL ,0.79730105,1.098131
AIAR ,1.2876719,0.9843493
AIBR ,0.9237282,0.9853499
AIZL ,3.074823,2.7068033
AIZR ,3.0522022,2.7071748
AFDR ,0.839168,0.8747336
CEPDL ,1.8482984,1.7056838
AINR ,0.30734363,0.48022375
IL2L ,1.399857,1.2425063
CEPVL ,1.610371,1.2534567
URXL ,0.7024987,0.82151806
URYVL ,1.7692552,1.3595663
AQR ,2.9747667,2.8567324
AUAL ,1.4511117,1.4095938
AIML ,0.42956,0.5160625
RIAL ,4.2712493,3.632321
RIR ,0.8587106,0.8084269
URBL ,0.70162064,0.45905095
DVA ,1.0199754,0.9884529
IL2DL ,1.5407808,1.969103
RIBL ,0.90277606,0.8137801
ASGL ,1.8282888,1.6059364
ASKL ,2.3208022,2.214748
ASKR ,1.2477027,1.4236145
AWBL ,0.766015,0.5333834
AWCR ,1.2876719,1.1489836
AVFR ,1.0077664,1.1300327
PVQL ,1.5980788,1.8084961
PVQR ,1.5967219,1.740492
FLPL ,3.664078,3.3799157
BAGL ,0.6768704,1.0737426
AIBL ,1.2358078,1.0827583
ADAR ,1.1283382,0.9742444
RIBR ,0.70923376,0.5506557
RICR ,0.7696672,0.7554445
RIGR ,1.9613508,1.8669108
DVC ,2.866817,3.0807438
PVT ,1.0057213,1.0679874
RIML ,1.9737813,1.6102899
RIMR ,1.8801349,1.6263572
SAADL ,0.6950356,0.5882014
SAADR ,1.2771626,1.1794263
SAAVL ,3.0459332,2.4064035
ASGR ,1.918556,1.6456692
SDQL ,0.31172732,0.36113712
AVBR ,1.143945,1.1270795
RMHR ,0.52935326,0.6250148
SAAVR ,1.6577841,1.4575099
SMDVR ,2.4436555,1.886963
URYDL ,1.3699191,1.1864471
RIFR ,0.7283913,0.8228821
RIH ,2.2761023,1.8908659
SMBDL ,1.0532676,1.1089356
FLPR ,2.9126136,3.1289473
BDUL ,1.3949507,1.3251411
ADEL ,0.7006329,0.53618157
RICL ,1.1067283,0.89245427
PVPL ,1.863402,2.0763035
IL2VL ,2.4488797,2.1967826
CEPVR ,1.2389687,1.193805
BAGR ,1.4627788,1.121796
RIAR ,4.324281,3.6890483
AVAL ,1.504918,1.6564561
RMDDL ,0.54357713,0.7514994
RMDL ,0.47178027,0.7205663
RMDR ,1.1362405,0.8180887
RIVL ,1.2547731,1.09445
RIVR ,1.3667206,1.2691425
SMDDL ,0.86519575,0.7266679
SMDDR ,0.5233827,0.27432525
SMDVL ,2.1897588,2.0895104
OLLL ,3.2284937,2.714706
AINL ,0.33792296,0.4225936
RIS ,1.5108036,1.1420447
ADER ,0.5495038,0.56217885
AVKR ,0.6502565,0.65009475
AVAR ,1.6203914,1.7144378
AWAR ,1.5623341,1.3730954
URXR ,1.1351292,0.9462944
RMGR ,0.49970642,0.8361234
PVPR ,2.0310996,2.2044516
SABVL ,1.926458,1.5976589
AWBR ,0.23884949,0.4113954
AVHL ,0.65720505,0.8885082
AVKL ,0.6550543,0.80874085
SMBDR ,1.5941508,1.2968125
CEPDR ,1.9150252,1.504638
ALNR ,0.9381216,0.8023048
URBR ,0.51272106,0.5065606
SIADL ,1.0997689,0.691535
SMBVL ,1.1792085,1.1792297
PLNL ,0.74058664,0.7831179
PLNR ,1.8911064,1.8826596
AVFL ,0.96690804,1.1938037
SIAVL ,0.32474765,0.6225078
SIBDL ,0.52202576,0.66331124
OLLR ,2.23812,2.0721025
URYVR ,2.4868355,1.6340638
RMEV ,-0.06031549,0.23197785
SIAVR ,0.4121137,0.6881248
SIBVL ,0.49117327,0.728741
OLQDL ,0.62147003,0.6431557
OLQVL ,0.8656591,0.71652436
AVDR ,1.7144575,1.4882538
AVEL ,1.003717,0.87830627
 ASHR          ,-0.760282,-0.7819345
 AWAR          ,-0.760282,-0.7530377
 AWBR          ,-0.760282,-0.7636328
 AFDR          ,-0.760282,-0.7659147
 AIYR          ,-0.760282,-0.75446963
 AIZR          ,-0.760282,-0.8179174
 RIH           ,-0.760282,-0.7223463
 ASEL          ,-0.760282,-0.73390615
 ASER          ,-0.760282,-0.750035
 ASGL          ,-0.760282,-0.80923736
 ASHL          ,-0.760282,-0.7819345
 AWCL          ,-0.760282,-0.76323557
 OLQVL         ,-0.760282,-0.7575369
 RIPL          ,-0.760282,-0.73446983
 AVJR          ,-0.760282,-0.7489066
 AVAL          ,-0.760282,-0.75191885
 AVAR          ,-0.760282,-0.75191885
 AVBL          ,-0.760282,-0.7774708
 AVDL          ,-0.760282,-0.7636039
 AVDR          ,-0.760282,-0.7636039
 ADLR          ,-0.760282,-0.7637286
 AIAR          ,-0.760282,-0.7497196
 RICL          ,-0.760282,-0.7819299
 RICR          ,-0.760282,-0.7819299
 AVBR          ,-0.760282,-0.7774708
 AIYL          ,-0.760282,-0.75446963
 ASGR        ,-0.760282,-0.80923736
 AWBR        ,-0.760282,-0.7636328
 AFDR        ,-0.760282,-0.7659147
 PVQR        ,-0.760282,-0.7800942
 ADFL          ,-0.760282,-0.6731616
 AVFL          ,-0.760282,-0.73973835
 AVHR          ,-0.760282,-0.7799666
 RIML          ,-0.760282,-0.7537196
 HSNL          ,-0.760282,-0.7234444
 RMGL        ,-0.760282,-0.74052715
 ADFL        ,-0.760282,-0.6731616
 ASHR        ,-0.760282,-0.7819345
 ASKL        ,-0.760282,-0.82765466
 RICL        ,-0.760282,-0.7819299
 AVER          ,-0.760282,-0.7508331
 HSNR          ,-0.760282,-0.7234444
 ASJR          ,-0.760282,-0.7248414
 ASKR          ,-0.760282,-0.82765466
 CEPDL         ,-0.760282,-0.7717203
 PVQL          ,-0.760282,-0.7800942
 AIML          ,-0.760282,-0.7950323
 AIMR          ,-0.760282,-0.7950323
 RMDVL         ,-0.760282,-0.7657886
 SIBDL         ,-0.760282,-0.7451488
 RMGL          ,-0.760282,-0.74052715
 RMDR          ,-0.760282,-0.7657886
 URAVL         ,-0.760282,-0.75506335
 AVEL          ,-0.760282,-0.7508331
 RMHL          ,-0.760282,-0.7475119
 BAGR          ,-0.760282,-0.72922045
 RMHR          ,-0.760282,-0.7475119
 SIBDR         ,-0.760282,-0.7451488
 SIBVR         ,-0.760282,-0.7451488
 SMDDL         ,-0.760282,-0.80337536
 SMDDR         ,-0.760282,-0.80337536
 SMDVR         ,-0.760282,-0.80337536
 ALML          ,-0.760282,-0.820998
 SIAVL         ,-0.760282,-0.79361403
 SDQL          ,-0.760282,-0.7456907
 RID           ,-0.760282,-0.75453275
 DVA           ,-0.760282,-0.73726106
 SAADL         ,-0.760282,-0.74391854
 RIVL        ,-0.760282,-0.7493702
 AIBL        ,-0.760282,-0.6596676
 ALMR        ,-0.760282,-0.820998
 DVA         ,-0.760282,-0.73726106
 SDQL        ,-0.760282,-0.7456907
 AVBL        ,-0.760282,-0.7774708
 RIVR        ,-0.760282,-0.7493702
 SAADL       ,-0.760282,-0.74391854
 SIAVR       ,-0.760282,-0.79361403
 SIBDL       ,-0.760282,-0.7451488
 PVPL          ,-0.760282,-0.7580951
 RIVR          ,-0.760282,-0.7493702
 AIAR        ,-0.760282,-0.7497196
 AWCR        ,-0.760282,-0.76323557
 AWBL        ,-0.760282,-0.7636328
 ASIR        ,-0.760282,-0.77773833
 ASJL        ,-0.760282,-0.7248414
 ASIL        ,-0.760282,-0.77773833
 ADAR        ,-0.760282,-0.7666229
 AVDR        ,-0.760282,-0.7636039
 PVQL        ,-0.760282,-0.7800942
 OLQVL       ,-0.760282,-0.7575369
 AVFR          ,-0.760282,-0.73973835
 AIBR        ,-0.760282,-0.6596676
 OLLL        ,-0.760282,-0.74982256
 RIBL        ,-0.760282,-0.76736957
 RIGR        ,-0.760282,-0.80815834
 OLQDL       ,-0.760282,-0.7575369
 AVKL        ,-0.760282,-0.7081386
 BAGL        ,-0.760282,-0.72922045
 PVPL        ,-0.760282,-0.7580951
 URYDL       ,-0.760282,-0.7520379
 URYVL       ,-0.760282,-0.7520379
 RMFL        ,-0.760282,-0.7965429
 ADLL        ,-0.760282,-0.7637286
 IL2L        ,-0.760282,-0.761631
 AVEL        ,-0.760282,-0.7508331
 URXL        ,-0.760282,-0.74095166
 RMDDR       ,-0.760282,-0.7657886
 ALML        ,-0.760282,-0.820998
 AVFR        ,-0.760282,-0.73973835
 RMHL        ,-0.760282,-0.7475119
 HSNR        ,-0.760282,-0.7234444
 ADFR          ,-0.760282,-0.6731616
 ADAR          ,-0.760282,-0.7666229
 RIAR          ,-0.760282,-0.7917916
 AVHL          ,-0.760282,-0.7799666
 PVPR          ,-0.760282,-0.7580951
 SMBVR         ,-0.760282,-0.7611576
 AWAL          ,-0.760282,-0.7530377
 ADLR        ,-0.760282,-0.7637286
 AWAL        ,-0.760282,-0.7530377
 RIFR          ,-0.760282,-0.74641037
 PVCL          ,-0.760282,-0.7323719
 IL2R          ,-0.760282,-0.761631
 ASGL        ,-0.760282,-0.80923736
 AINR          ,-0.760282,-0.75630164
 ASKR        ,-0.760282,-0.82765466
 AIZR        ,-0.760282,-0.8179174
 RICR        ,-0.760282,-0.7819299
 RMGR        ,-0.760282,-0.74052715
 AVHL        ,-0.760282,-0.7799666
 AVAR        ,-0.760282,-0.75191885
 AVER        ,-0.760282,-0.7508331
 PVQR          ,-0.760282,-0.7800942
 ASEL        ,-0.760282,-0.73390615
 AIYL        ,-0.760282,-0.75446963
 BDUR          ,-0.760282,-0.74997246
 AQR           ,-0.760282,-0.79374266
 PVT           ,-0.760282,-0.72322255
 RIMR          ,-0.760282,-0.7537196
 SABD          ,-0.760282,-0.75520986
 PHBL        ,-0.760282,-0.8098462
 PHAR        ,-0.760282,-0.76484215
 PHBR        ,-0.760282,-0.8098462
 AVG         ,-0.760282,-0.6666039
 DVC         ,-0.760282,-0.7508105
 PVPR        ,-0.760282,-0.7580951
 AVJL        ,-0.760282,-0.7489066
 AVJR        ,-0.760282,-0.7489066
 PVT         ,-0.760282,-0.72322255
 SIAVL       ,-0.760282,-0.79361403
 AVFL        ,-0.760282,-0.73973835
 AVL         ,-0.760282,-0.7359961
 SABVR         ,-0.760282,-0.75520986
 ALA         ,-0.760282,-0.72100395
 BDUR        ,-0.760282,-0.74997246
 OLQVR         ,-0.760282,-0.7575369
 BAGL          ,-0.760282,-0.72922045
 URXR          ,-0.760282,-0.74095166
 URYVR         ,-0.760282,-0.7520379
 AUAR          ,-0.760282,-0.8035047
 SMBDR         ,-0.760282,-0.7611576
 RIH         ,-0.760282,-0.7223463
 SMBVR       ,-0.760282,-0.7611576
 SMDVR       ,-0.760282,-0.80337536
 CEPVR         ,-0.760282,-0.7717203
 URBR          ,-0.760282,-0.7831621
 RIPR          ,-0.760282,-0.73446983
 SIBVL         ,-0.760282,-0.7451488
 RMFL          ,-0.760282,-0.7965429
 SAAVL         ,-0.760282,-0.74391854
 AINR        ,-0.760282,-0.75630164
 AIAL        ,-0.760282,-0.7497196
 ASGR          ,-0.760282,-0.80923736
 AIYR        ,-0.760282,-0.75446963
 ASIL          ,-0.760282,-0.77773833
 AUAL        ,-0.760282,-0.8035047
 ASIR          ,-0.760282,-0.77773833
 URYDL         ,-0.760282,-0.7520379
 SAAVR         ,-0.760282,-0.74391854
 SAADR         ,-0.760282,-0.74391854
 ADFR        ,-0.760282,-0.6731616
 RIGL        ,-0.760282,-0.80815834
 SMDDL       ,-0.760282,-0.80337536
 RIS         ,-0.760282,-0.7365063
 RIML        ,-0.760282,-0.7537196
 SIBVL       ,-0.760282,-0.7451488
 ASER        ,-0.760282,-0.750035
 URBR        ,-0.760282,-0.7831621
 RMDVR       ,-0.760282,-0.7657886
 URADL         ,-0.760282,-0.75506335
 OLLL          ,-0.760282,-0.74982256
 OLQDL         ,-0.760282,-0.7575369
 CEPDR         ,-0.760282,-0.7717203
 RIS           ,-0.760282,-0.7365063
 AINL          ,-0.760282,-0.75630164
 AINL        ,-0.760282,-0.75630164
 ADER        ,-0.760282,-0.70901185
 IL2L          ,-0.760282,-0.761631
 PVR           ,-0.760282,-0.748427
 RMDDL         ,-0.760282,-0.7657886
 RMDVR         ,-0.760282,-0.7657886
 RMER          ,-0.760282,-0.75826067
 IL1L          ,-0.760282,-0.7506403
 IL1VL         ,-0.760282,-0.7506403
 URYVL         ,-0.760282,-0.7520379
 AVL           ,-0.760282,-0.7359961
 RMEV          ,-0.760282,-0.75826067
 ADEL          ,-0.760282,-0.70901185
 RMER        ,-0.760282,-0.75826067
 RMDL        ,-0.760282,-0.7657886
 URAVL       ,-0.760282,-0.75506335
 CEPVL         ,-0.760282,-0.7717203
 RIBR          ,-0.760282,-0.76736957
 SIAVR         ,-0.760282,-0.79361403
 BDUL          ,-0.760282,-0.74997246
 PVCR          ,-0.760282,-0.7323719
 PVDR          ,-0.760282,-0.76369023
 AVKR        ,-0.760282,-0.7081386
 AUAR        ,-0.760282,-0.8035047
 RMDVL       ,-0.760282,-0.7657886
 SIBVR       ,-0.760282,-0.7451488
 SMDVL       ,-0.760282,-0.80337536
 BAGR        ,-0.760282,-0.72922045
 IL1L        ,-0.760282,-0.7506403
 PVWL          ,-0.760282,-0.7234372
 PDER          ,-0.760282,-0.7155839
 PVR         ,-0.760282,-0.748427
 SDQR        ,-0.760282,-0.7456907
 PVM         ,-0.760282,-0.8178087
 PDEL        ,-0.760282,-0.7155839
 PDER        ,-0.760282,-0.7155839
 PVCL        ,-0.760282,-0.7323719
 PVCR        ,-0.760282,-0.7323719
 SIADR       ,-0.760282,-0.79361403
 SAAVR       ,-0.760282,-0.74391854
 AVBR        ,-0.760282,-0.7774708
 PQR           ,-0.760282,-0.7661387
 PVWR          ,-0.760282,-0.7234372
 AVHR        ,-0.760282,-0.7799666
 AVDL        ,-0.760282,-0.7636039
 LUAR        ,-0.760282,-0.75068414
 PQR         ,-0.760282,-0.7661387
 PVWR        ,-0.760282,-0.7234372
 RMEL          ,-0.760282,-0.75826067
 RMED          ,-0.760282,-0.75826067
 DVC           ,-0.760282,-0.7508105
 RMEV        ,-0.760282,-0.75826067
 RIBR        ,-0.760282,-0.76736957
 SIADL       ,-0.760282,-0.79361403
 AIML        ,-0.760282,-0.7950323
 AVG           ,-0.760282,-0.6666039
 PVDL          ,-0.760282,-0.76369023
 LUAL        ,-0.760282,-0.75068414
 PHAL        ,-0.760282,-0.76484215
 ASJR        ,-0.760282,-0.7248414
 URYDR         ,-0.760282,-0.7520379
 URAVR         ,-0.760282,-0.75506335
 ADER          ,-0.760282,-0.70901185
 AVKL          ,-0.760282,-0.7081386
 FLPR          ,-0.760282,-0.7716299
 FLPR        ,-0.760282,-0.7716299
 FLPL          ,-0.760282,-0.7716299
 RIR         ,-0.760282,-0.7778485
 ALNR          ,-0.760282,-0.7404329
 RMED        ,-0.760282,-0.75826067
 SMDDR       ,-0.760282,-0.80337536
 FLPL        ,-0.760282,-0.7716299
 RIMR        ,-0.760282,-0.7537196
 OLQDR       ,-0.760282,-0.7575369
 OLQVR       ,-0.760282,-0.7575369
 SMBDR       ,-0.760282,-0.7611576
 SIBDR       ,-0.760282,-0.7451488
 URXR        ,-0.760282,-0.74095166
 RMHR        ,-0.760282,-0.7475119
 OLLR        ,-0.760282,-0.74982256
 ADEL        ,-0.760282,-0.70901185
 URYDR       ,-0.760282,-0.7520379
 AQR         ,-0.760282,-0.79374266
 PVDR        ,-0.760282,-0.76369023
 DVB         ,-0.760282,-0.7349795
 AVAL        ,-0.760282,-0.75191885
 SMBDL       ,-0.760282,-0.7611576
 PLNL          ,-0.760282,-0.794485
 SABD        ,-0.760282,-0.75520986
 SABVL         ,-0.760282,-0.75520986
 SMBVL       ,-0.760282,-0.7611576
 RIAR        ,-0.760282,-0.7917916
 SAAVL       ,-0.760282,-0.74391854
 IL2VR         ,-0.760282,-0.761631
 OLQDR         ,-0.760282,-0.7575369
 CEPVL       ,-0.760282,-0.7717203
 SDQR          ,-0.760282,-0.7456907
 PDB         ,-0.760282,-0.76371896
 IL1DR         ,-0.760282,-0.7506403
 IL1R          ,-0.760282,-0.7506403
 IL1VR         ,-0.760282,-0.7506403
 AIMR        ,-0.760282,-0.7950323
 IL2VR       ,-0.760282,-0.761631
 LUAR          ,-0.760282,-0.75068414
 LUAL          ,-0.760282,-0.75068414
 RMDDL       ,-0.760282,-0.7657886
 PHCL        ,-0.760282,-0.74278444
 PHCR        ,-0.760282,-0.74278444
 URYVR       ,-0.760282,-0.7520379
 SABVR       ,-0.760282,-0.75520986
 IL1VL       ,-0.760282,-0.7506403
 SAADR       ,-0.760282,-0.74391854
 ALNR        ,-0.760282,-0.7404329
 ALNL        ,-0.760282,-0.7404329
 RMDR        ,-0.760282,-0.7657886
 IL2DR       ,-0.760282,-0.761631
 IL2VL       ,-0.760282,-0.761631
 PVDL        ,-0.760282,-0.76369023
 SABVL       ,-0.760282,-0.75520986
 ALMR          ,-0.760282,-0.820998
 IL2R        ,-0.760282,-0.761631
 RIFR        ,-0.760282,-0.74641037
 PVWL        ,-0.760282,-0.7234372
 AVM           ,-0.760282,-0.8178651
 URADR         ,-0.760282,-0.75506335
 PLNR          ,-0.760282,-0.794485
 PLML        ,-0.760282,-0.8427285
 PLMR        ,-0.760282,-0.8427285
 DVB           ,-0.760282,-0.7349795
 IL1DR       ,-0.760282,-0.7506403
 IL1DL       ,-0.760282,-0.7506403
AIYR ,3.5821614,3.1073227
AIMR ,0.30481848,0.44007945
AVJL ,1.0417529,0.92960393
PVCL ,2.0707462,1.7966691
IL2R ,1.3167748,1.0961897
IL2VR ,2.866817,1.983588
RMDVL ,0.7457065,0.80321157
SIBVR ,0.73322934,0.6498064
AUAR ,1.427492,1.4509492
IL1R ,1.9533254,1.4925183
URYDR ,0.8844386,1.3829781
AVER ,1.1165978,1.0243645
URAVR ,0.5638971,1.0593697
PVR ,1.9633638,1.9498003
OLQVR ,2.1707072,1.8078369
ALA ,0.32281008,0.35513747
RMDVR ,0.9162438,0.78779966
SMBVR ,0.87008077,1.0141208
OLQDR ,0.86361533,0.81112546
URADL ,1.4965796,1.1456956
AVM ,1.7825255,1.641793
BDUR ,1.3327751,1.2305002
PQR ,1.7605124,1.2422421
PHAL ,0.9795461,0.8703548
PVCR ,2.6290405,2.0059185
AVL ,1.2696993,1.1233729
AVBL ,1.1067283,1.1233066
ALML ,1.1177493,1.411707
SIADR ,0.7006329,0.6394204
AVDL ,1.6369388,1.5493144
 CEPVR       ,-0.760282,-0.7717203
 IL1R        ,-0.760282,-0.7506403
 IL1VR       ,-0.760282,-0.7506403
 PVM           ,-0.760282,-0.8178087
 AVM         ,-0.760282,-0.8178651
 CEPDL       ,-0.760282,-0.7717203
 PHAR          ,-0.760282,-0.76484215
 PHBR          ,-0.760282,-0.8098462
 PLNL        ,-0.760282,-0.794485
 BDUL        ,-0.760282,-0.74997246
IL1VL ,1.7711309,2.2075973
ASJL ,0.98214793,1.5362312
IL1DL ,0.6765399,1.3940822
IL2DR ,2.4100714,1.9446181
AVG ,0.36712858,0.53034043
AVJR ,0.42387378,0.7226306
LUAL ,2.2148874,2.2155786
RIFL ,1.3599063,1.0868592
LUAR ,1.5260305,1.2805405
PVDL ,2.4260237,1.8670157
PVDR ,2.7000537,1.998146
PHBL ,3.3484643,3.092155
PHBR ,2.9819632,2.8921604
PHCL ,0.81007123,0.63927174
PVWR ,0.26643655,0.4544413
RMHL ,-0.07826336,0.2256701
ALMR ,1.8657898,1.5216106
PDER ,1.8324223,1.6532353
DVB ,2.088589,1.8225657
PVWL ,0.32281008,0.096305445
RMDDR ,0.81512475,0.88925207
PDB ,1.3891102,1.3822387
PLML ,1.1876047,1.1904622
PLMR ,1.0532676,0.9867146
 PHAL          ,-0.760282,-0.76484215
 PDB           ,-0.760282,-0.76371896
 PHCR          ,-0.760282,-0.74278444
 PLNR        ,-0.760282,-0.794485
IL1DR ,2.2371125,2.0047574
RMEL ,-0.021428466,0.07556516
URADR ,0.7845935,1.3152754
PVM ,0.86519575,1.1291541
PHCR ,1.0188643,0.69787014
 PHCL          ,-0.760282,-0.74278444
SABVR ,1.1204361,1.5590141
RID ,0.9021385,0.9567013
RMER ,0.21845904,0.06577173
SABD ,1.0532676,0.94006324
SIBDR ,1.0820541,0.7333577
 PDEL          ,-0.760282,-0.7155839
PDEL ,1.6855779,1.5282243
PLNR,0.73085874,0.4532081
ALNL,0.41775015,0.16383295
I2R ,1.174171,0.5213722
NSMR ,0.73891896,1.2267145
M3R ,-0.15576549,-0.24410245
MCR ,0.9525148,0.3737495
AWAL ,1.2708935,1.3125212
AIYL ,3.9191234,3.3013105
ALNL ,0.20694447,0.55348825
RMFL ,0.46941832,0.61624527
IL1VR ,2.4925926,2.0330222
RMFR ,0.9860991,0.91790134
PHAR ,1.088312,0.89445174
ASJR ,2.0070603,1.6912175
RIBL,0.04094229,0.088519454
RIBR,0.017753154,0.14627884
RIGR,0.2565458,0.43643993
AIAR,0.24724552,0.14740205
ASER,0.8431872,0.9225658
RIGL,0.28414094,0.53104615
IL1VR,0.19686915,0.3613196
RMDDL,0.117706284,0.44605577
RMDDR,0.24724552,0.47419947
RMGL,-0.030693108,0.25026375
AIZL,0.8619648,0.42804414
AIZR,0.85728276,0.39684576
AQR,0.440355,0.34579113
RMED,-0.027534688,0.24987936
ASHL,0.35663423,0.4307052
RIPR,-0.357271,0.07134257
SDQR,0.09830666,0.32928643
SDQL,-0.22293396,0.11370966
RMER,-0.357271,-0.016655713
IL1VL,0.19228943,0.39056072
RIPL,-0.357271,0.09343725
RIR,0.5191181,0.024281353
ADEL,0.057952464,0.072618335
AIAL,0.26556417,0.15897176
AIMR,0.04574002,0.09525126
RMEL,-0.2901025,-0.08665827
IL1DR,0.11022182,0.3109701
CANR,-0.760282,-0.9150253
 I2L           ,-0.760282,-0.7528924
 MCL           ,-0.760282,-0.8048803
 MCR         ,-0.760282,-0.8048803
 I1L           ,-0.760282,-0.79143596
 I1R           ,-0.760282,-0.79143596
 AFDL          ,-0.760282,-0.7659147
 AIZL          ,-0.760282,-0.8179174
 RIGR          ,-0.760282,-0.80815834
 SMDVL         ,-0.760282,-0.80337536
 AVJL          ,-0.760282,-0.7489066
 ASJL          ,-0.760282,-0.7248414
 ASKL          ,-0.760282,-0.82765466
 RMGR          ,-0.760282,-0.74052715
 RMDDR         ,-0.760282,-0.7657886
 RMDL          ,-0.760282,-0.7657886
 SIADR         ,-0.760282,-0.79361403
 RIFL          ,-0.760282,-0.74641037
 SIADL         ,-0.760282,-0.79361403
 AVKR          ,-0.760282,-0.7081386
 ALNL          ,-0.760282,-0.7404329
 RMEL        ,-0.760282,-0.75826067
 RIFL        ,-0.760282,-0.74641037
 ALA           ,-0.760282,-0.72100395
 OLLR          ,-0.760282,-0.74982256
 AWAR        ,-0.760282,-0.7530377
 HSNL        ,-0.760282,-0.7234444
 IL2DL         ,-0.760282,-0.761631
 URBL          ,-0.760282,-0.7831621
 IL1DL         ,-0.760282,-0.7506403
 URADL       ,-0.760282,-0.75506335
 IL2DR         ,-0.760282,-0.761631
 RMFR          ,-0.760282,-0.7965429
 RID         ,-0.760282,-0.75453275
 IL2VL         ,-0.760282,-0.761631
 URAVR       ,-0.760282,-0.75506335
 URADR       ,-0.760282,-0.75506335
 CEPDR       ,-0.760282,-0.7717203
 IL2DL       ,-0.760282,-0.761631
 PHBL          ,-0.760282,-0.8098462
